Wed Jan 31 05:53:25 PM UTC 2024
Thu Feb  1 12:39:29 AM UTC 2024
Fri Mar  1 12:41:41 AM UTC 2024
Mon Apr  1 12:42:24 AM UTC 2024
Wed May  1 00:42:29 UTC 2024
Sat Jun  1 12:44:04 AM UTC 2024
Mon Jul  1 12:48:59 AM UTC 2024
Thu Aug  1 12:49:24 AM UTC 2024
Sun Sep  1 12:56:11 AM UTC 2024
Tue Oct  1 12:56:11 AM UTC 2024
Fri Nov  1 12:56:10 AM UTC 2024
Sun Dec  1 01:04:44 AM UTC 2024
Wed Jan  1 12:56:42 AM UTC 2025
Sat Feb  1 12:54:05 AM UTC 2025
Sat Mar  1 12:57:21 AM UTC 2025
Tue Apr  1 01:02:48 AM UTC 2025
Thu May  1 01:03:48 AM UTC 2025
Sun Jun  1 01:12:12 AM UTC 2025
Tue Jul  1 01:08:57 AM UTC 2025
Fri Aug  1 01:13:52 AM UTC 2025
Mon Sep  1 01:06:59 AM UTC 2025
Wed Oct  1 01:02:29 AM UTC 2025
Sat Nov  1 01:01:37 AM UTC 2025
Mon Dec  1 01:12:14 AM UTC 2025
